tree,depth,RMSE
41,4,0.036564
42,4,0.040788
43,4,0.039254
44,4,0.039041
