hidden nodes each layer,hidden layers,RMSE
1,1,0.041031
1,2,0.030148
1,3,0.029378
1,4,0.040044
2,1,0.038250
2,2,0.028299
2,3,0.029062
2,4,0.028414
